{
"lengthUnit": "mil",
"remark": [],
"components": {
	"fields": ["COMPONENT_NO", "COMPONENT_NAME", "LAYER", "X_COORDINATE", "Y_COORDINATE", "ANGLE"],
	"rows": [
		[1, "BUZZER1", "T", 1760, -515, 90],
		[2, "R2", "T", 1720, -1190, 180],
		[3, "U2", "T", 325, -1390, 180],
		[4, "U3", "T", 495, -460, 90],
		[5, "U4", "T", 1160, -870, 270],
		[6, "PAD1", "T", 1760, -633.11, 0],
		[7, "PAD1", "B", 1760, -633.11, 0],
		[8, "PAD2", "T", 1760, -396.89, 0],
		[9, "PAD2", "B", 1760, -396.89, 0],
		[10, "PAD3", "T", 395, -1320, 0],
		[11, "PAD3", "B", 395, -1320, 0],
		[12, "PAD4", "T", 255, -1320, 0],
		[13, "PAD4", "B", 255, -1320, 0],
		[14, "PAD5", "T", 255, -1460, 0],
		[15, "PAD5", "B", 255, -1460, 0],
		[16, "PAD6", "T", 362.765, -592.24, 0],
		[17, "PAD6", "B", 362.765, -592.24, 0],
		[18, "PAD7", "T", 494.995, -647.01, 0],
		[19, "PAD7", "B", 494.995, -647.01, 0],
		[20, "PAD8", "T", 627.235, -592.24, 0],
		[21, "PAD8", "B", 627.235, -592.24, 0],
		[22, "PAD9", "T", 1002.52, -620, 0],
		[23, "PAD9", "B", 1002.52, -620, 0],
		[24, "PAD10", "T", 1002.52, -820, 0],
		[25, "PAD10", "B", 1002.52, -820, 0],
		[26, "PAD11", "T", 1002.52, -920, 0],
		[27, "PAD11", "B", 1002.52, -920, 0],
		[28, "PAD12", "T", 1002.52, -1220, 0],
		[29, "PAD12", "B", 1002.52, -1220, 0],
		[30, "PAD13", "T", 1002.52, -1320, 0],
		[31, "PAD13", "B", 1002.52, -1320, 0],
		[32, "PAD14", "T", 1002.52, -1420, 0],
		[33, "PAD14", "B", 1002.52, -1420, 0],
		[34, "PAD15", "T", 1002.52, -1520, 0],
		[35, "PAD15", "B", 1002.52, -1520, 0],
		[36, "PAD16", "T", 1317.48, -720, 0],
		[37, "PAD16", "B", 1317.48, -720, 0],
		[38, "PAD17", "T", 1317.48, -820, 0],
		[39, "PAD17", "B", 1317.48, -820, 0],
		[40, "PAD18", "T", 1317.48, -1120, 0],
		[41, "PAD18", "B", 1317.48, -1120, 0],
		[42, "PAD19", "T", 1317.48, -1220, 0],
		[43, "PAD19", "B", 1317.48, -1220, 0],
		[44, "PAD20", "T", 1317.48, -1320, 0],
		[45, "PAD20", "B", 1317.48, -1320, 0],
		[46, "PAD21", "T", 1317.48, -1420, 0],
		[47, "PAD21", "B", 1317.48, -1420, 0],
		[48, "PAD22", "T", 1317.48, -1520, 0],
		[49, "PAD22", "B", 1317.48, -1520, 0],
		[50, "PAD23", "T", 1702.96, -1190, 0],
		[51, "PAD24", "T", 1737.04, -1190, 0]
	]
},
"pins": {
	"fields": ["PIN_NO", "PIN_NAME", "PIN_X", "PIN_Y", "LAYER", "PIN_TYPE", "NET_NAME", "NET_TYPE", "PAD_SHAPE", "PAD_SIZEX", "PAD_SIZEY", "HOLE_SIZE", "HOLE_LEN", "PAD_ANGLE"],
	"rows": [
		[1, "BUZZER1_1", 1760, -633.11, "T", "DIP", "$1N1331", "", "C", 98.425, 98.425, 59.056, 59.056, 90],
		[2, "BUZZER1_1", 1760, -633.11, "B", "DIP", "$1N1331", "", "C", 98.425, 98.425, 59.056, 59.056, 90],
		[3, "BUZZER1_2", 1760, -396.89, "T", "DIP", "$1N1294", "", "C", 98.425, 98.425, 59.056, 59.056, 90],
		[4, "BUZZER1_2", 1760, -396.89, "B", "DIP", "$1N1294", "", "C", 98.425, 98.425, 59.056, 59.056, 90],
		[5, "R2_1", 1737.04, -1190, "T", "SMD", "$1N1331", "", "R", 22.27, 21.26, 0, 0, 180],
		[6, "R2_2", 1702.96, -1190, "T", "SMD", "$1N1342", "", "R", 22.27, 21.26, 0, 0, 180],
		[7, "U2_1", 395, -1320, "T", "DIP", "$1N1236", "", "C", 60, 60, 36, 36, 180],
		[8, "U2_1", 395, -1320, "B", "DIP", "$1N1236", "", "C", 60, 60, 36, 36, 180],
		[9, "U2_2", 255, -1320, "T", "DIP", "$1N1294", "", "C", 60, 60, 36, 36, 180],
		[10, "U2_2", 255, -1320, "B", "DIP", "$1N1294", "", "C", 60, 60, 36, 36, 180],
		[11, "U2_3", 255, -1460, "T", "DIP", "$1N1257", "", "C", 60, 60, 36, 36, 180],
		[12, "U2_3", 255, -1460, "B", "DIP", "$1N1257", "", "C", 60, 60, 36, 36, 180],
		[13, "U3_1", 362.765, -592.24, "T", "DIP", "$1N1236", "", "C", 78.74, 78.74, 51.182, 51.182, 225],
		[14, "U3_1", 362.765, -592.24, "B", "DIP", "$1N1236", "", "C", 78.74, 78.74, 51.182, 51.182, 225],
		[15, "U3_2", 494.995, -647.01, "T", "DIP", "$1N1301", "", "C", 78.74, 78.74, 51.182, 51.182, 225],
		[16, "U3_2", 494.995, -647.01, "B", "DIP", "$1N1301", "", "C", 78.74, 78.74, 51.182, 51.182, 225],
		[17, "U3_3", 627.235, -592.24, "T", "DIP", "$1N1257", "", "C", 78.74, 78.74, 51.182, 51.182, 225],
		[18, "U3_3", 627.235, -592.24, "B", "DIP", "$1N1257", "", "C", 78.74, 78.74, 51.182, 51.182, 225],
		[19, "U3_5", 627.235, -327.77, "T", "DIP", "NET_1", "", "C", 78.74, 78.74, 51.182, 51.182, 225],
		[20, "U3_5", 627.235, -327.77, "B", "DIP", "NET_1", "", "C", 78.74, 78.74, 51.182, 51.182, 225],
		[21, "U3_6", 494.995, -272.99, "T", "DIP", "NET_2", "", "C", 78.74, 78.74, 51.182, 51.182, 225],
		[22, "U3_6", 494.995, -272.99, "B", "DIP", "NET_2", "", "C", 78.74, 78.74, 51.182, 51.182, 225],
		[23, "U3_7", 362.765, -327.77, "T", "DIP", "NET_3", "", "C", 78.74, 78.74, 51.182, 51.182, 225],
		[24, "U3_7", 362.765, -327.77, "B", "DIP", "NET_3", "", "C", 78.74, 78.74, 51.182, 51.182, 225],
		[25, "U4_1", 1002.52, -220, "T", "DIP", "NET_4", "", "R", 59.055, 59.055, 35.434, 35.434, 270],
		[26, "U4_1", 1002.52, -220, "B", "DIP", "NET_4", "", "R", 59.055, 59.055, 35.434, 35.434, 270],
		[27, "U4_2", 1002.52, -320, "T", "DIP", "NET_5", "", "C", 59.055, 59.055, 35.434, 35.434, 270],
		[28, "U4_2", 1002.52, -320, "B", "DIP", "NET_5", "", "C", 59.055, 59.055, 35.434, 35.434, 270],
		[29, "U4_3", 1002.52, -420, "T", "DIP", "NET_6", "", "C", 59.055, 59.055, 35.434, 35.434, 270],
		[30, "U4_3", 1002.52, -420, "B", "DIP", "NET_6", "", "C", 59.055, 59.055, 35.434, 35.434, 270],
		[31, "U4_4", 1002.52, -520, "T", "DIP", "NET_7", "", "C", 59.055, 59.055, 35.434, 35.434, 270],
		[32, "U4_4", 1002.52, -520, "B", "DIP", "NET_7", "", "C", 59.055, 59.055, 35.434, 35.434, 270],
		[33, "U4_5", 1002.52, -620, "T", "DIP", "$1N1342", "", "C", 59.055, 59.055, 35.434, 35.434, 270],
		[34, "U4_5", 1002.52, -620, "B", "DIP", "$1N1342", "", "C", 59.055, 59.055, 35.434, 35.434, 270],
		[35, "U4_6", 1002.52, -720, "T", "DIP", "NET_8", "", "C", 59.055, 59.055, 35.434, 35.434, 270],
		[36, "U4_6", 1002.52, -720, "B", "DIP", "NET_8", "", "C", 59.055, 59.055, 35.434, 35.434, 270],
		[37, "U4_7", 1002.52, -820, "T", "DIP", "$1N1236", "", "C", 59.055, 59.055, 35.434, 35.434, 270],
		[38, "U4_7", 1002.52, -820, "B", "DIP", "$1N1236", "", "C", 59.055, 59.055, 35.434, 35.434, 270],
		[39, "U4_8", 1002.52, -920, "T", "DIP", "$1N1257", "", "C", 59.055, 59.055, 35.434, 35.434, 270],
		[40, "U4_8", 1002.52, -920, "B", "DIP", "$1N1257", "", "C", 59.055, 59.055, 35.434, 35.434, 270],
		[41, "U4_9", 1002.52, -1020, "T", "DIP", "NET_9", "", "C", 59.055, 59.055, 35.434, 35.434, 270],
		[42, "U4_9", 1002.52, -1020, "B", "DIP", "NET_9", "", "C", 59.055, 59.055, 35.434, 35.434, 270],
		[43, "U4_10", 1002.52, -1120, "T", "DIP", "NET_10", "", "C", 59.055, 59.055, 35.434, 35.434, 270],
		[44, "U4_10", 1002.52, -1120, "B", "DIP", "NET_10", "", "C", 59.055, 59.055, 35.434, 35.434, 270],
		[45, "U4_11", 1002.52, -1220, "T", "DIP", "$1N1294", "", "C", 59.055, 59.055, 35.434, 35.434, 270],
		[46, "U4_11", 1002.52, -1220, "B", "DIP", "$1N1294", "", "C", 59.055, 59.055, 35.434, 35.434, 270],
		[47, "U4_12", 1002.52, -1320, "T", "DIP", "$1N1294", "", "C", 59.055, 59.055, 35.434, 35.434, 270],
		[48, "U4_12", 1002.52, -1320, "B", "DIP", "$1N1294", "", "C", 59.055, 59.055, 35.434, 35.434, 270],
		[49, "U4_13", 1002.52, -1420, "T", "DIP", "$1N1294", "", "C", 59.055, 59.055, 35.434, 35.434, 270],
		[50, "U4_13", 1002.52, -1420, "B", "DIP", "$1N1294", "", "C", 59.055, 59.055, 35.434, 35.434, 270],
		[51, "U4_14", 1002.52, -1520, "T", "DIP", "$1N1294", "", "C", 59.055, 59.055, 35.434, 35.434, 270],
		[52, "U4_14", 1002.52, -1520, "B", "DIP", "$1N1294", "", "C", 59.055, 59.055, 35.434, 35.434, 270],
		[53, "U4_15", 1317.48, -1520, "T", "DIP", "$1N1294", "", "C", 59.055, 59.055, 35.434, 35.434, 270],
		[54, "U4_15", 1317.48, -1520, "B", "DIP", "$1N1294", "", "C", 59.055, 59.055, 35.434, 35.434, 270],
		[55, "U4_16", 1317.48, -1420, "T", "DIP", "$1N1294", "", "C", 59.055, 59.055, 35.434, 35.434, 270],
		[56, "U4_16", 1317.48, -1420, "B", "DIP", "$1N1294", "", "C", 59.055, 59.055, 35.434, 35.434, 270],
		[57, "U4_17", 1317.48, -1320, "T", "DIP", "$1N1294", "", "C", 59.055, 59.055, 35.434, 35.434, 270],
		[58, "U4_17", 1317.48, -1320, "B", "DIP", "$1N1294", "", "C", 59.055, 59.055, 35.434, 35.434, 270],
		[59, "U4_18", 1317.48, -1220, "T", "DIP", "$1N1294", "", "C", 59.055, 59.055, 35.434, 35.434, 270],
		[60, "U4_18", 1317.48, -1220, "B", "DIP", "$1N1294", "", "C", 59.055, 59.055, 35.434, 35.434, 270],
		[61, "U4_19", 1317.48, -1120, "T", "DIP", "$1N1294", "", "C", 59.055, 59.055, 35.434, 35.434, 270],
		[62, "U4_19", 1317.48, -1120, "B", "DIP", "$1N1294", "", "C", 59.055, 59.055, 35.434, 35.434, 270],
		[63, "U4_20", 1317.48, -1020, "T", "DIP", "NET_11", "", "C", 59.055, 59.055, 35.434, 35.434, 270],
		[64, "U4_20", 1317.48, -1020, "B", "DIP", "NET_11", "", "C", 59.055, 59.055, 35.434, 35.434, 270],
		[65, "U4_21", 1317.48, -920, "T", "DIP", "NET_12", "", "C", 59.055, 59.055, 35.434, 35.434, 270],
		[66, "U4_21", 1317.48, -920, "B", "DIP", "NET_12", "", "C", 59.055, 59.055, 35.434, 35.434, 270],
		[67, "U4_22", 1317.48, -820, "T", "DIP", "$1N1331", "", "C", 59.055, 59.055, 35.434, 35.434, 270],
		[68, "U4_22", 1317.48, -820, "B", "DIP", "$1N1331", "", "C", 59.055, 59.055, 35.434, 35.434, 270],
		[69, "U4_23", 1317.48, -720, "T", "DIP", "$1N1301", "", "C", 59.055, 59.055, 35.434, 35.434, 270],
		[70, "U4_23", 1317.48, -720, "B", "DIP", "$1N1301", "", "C", 59.055, 59.055, 35.434, 35.434, 270],
		[71, "U4_24", 1317.48, -620, "T", "DIP", "NET_13", "", "C", 59.055, 59.055, 35.434, 35.434, 270],
		[72, "U4_24", 1317.48, -620, "B", "DIP", "NET_13", "", "C", 59.055, 59.055, 35.434, 35.434, 270],
		[73, "U4_25", 1317.48, -520, "T", "DIP", "NET_14", "", "C", 59.055, 59.055, 35.434, 35.434, 270],
		[74, "U4_25", 1317.48, -520, "B", "DIP", "NET_14", "", "C", 59.055, 59.055, 35.434, 35.434, 270],
		[75, "U4_26", 1317.48, -420, "T", "DIP", "NET_15", "", "C", 59.055, 59.055, 35.434, 35.434, 270],
		[76, "U4_26", 1317.48, -420, "B", "DIP", "NET_15", "", "C", 59.055, 59.055, 35.434, 35.434, 270],
		[77, "U4_27", 1317.48, -320, "T", "DIP", "NET_16", "", "C", 59.055, 59.055, 35.434, 35.434, 270],
		[78, "U4_27", 1317.48, -320, "B", "DIP", "NET_16", "", "C", 59.055, 59.055, 35.434, 35.434, 270],
		[79, "U4_28", 1317.48, -220, "T", "DIP", "NET_17", "", "C", 59.055, 59.055, 35.434, 35.434, 270],
		[80, "U4_28", 1317.48, -220, "B", "DIP", "NET_17", "", "C", 59.055, 59.055, 35.434, 35.434, 270],
		[81, "PAD1_1", 1760, -633.11, "T", "DIP", "$1N1331", "", "C", 98.425, 98.425, 59.056, 59.056, 90],
		[82, "PAD1_1", 1760, -633.11, "B", "DIP", "$1N1331", "", "C", 98.425, 98.425, 59.056, 59.056, 90],
		[83, "PAD2_2", 1760, -396.89, "T", "DIP", "$1N1294", "", "C", 98.425, 98.425, 59.056, 59.056, 90],
		[84, "PAD2_2", 1760, -396.89, "B", "DIP", "$1N1294", "", "C", 98.425, 98.425, 59.056, 59.056, 90],
		[85, "PAD3_1", 395, -1320, "T", "DIP", "$1N1236", "", "C", 60, 60, 36, 36, 180],
		[86, "PAD3_1", 395, -1320, "B", "DIP", "$1N1236", "", "C", 60, 60, 36, 36, 180],
		[87, "PAD4_2", 255, -1320, "T", "DIP", "$1N1294", "", "C", 60, 60, 36, 36, 180],
		[88, "PAD4_2", 255, -1320, "B", "DIP", "$1N1294", "", "C", 60, 60, 36, 36, 180],
		[89, "PAD5_3", 255, -1460, "T", "DIP", "$1N1257", "", "C", 60, 60, 36, 36, 180],
		[90, "PAD5_3", 255, -1460, "B", "DIP", "$1N1257", "", "C", 60, 60, 36, 36, 180],
		[91, "PAD6_1", 362.765, -592.24, "T", "DIP", "$1N1236", "", "C", 78.74, 78.74, 51.182, 51.182, 225],
		[92, "PAD6_1", 362.765, -592.24, "B", "DIP", "$1N1236", "", "C", 78.74, 78.74, 51.182, 51.182, 225],
		[93, "PAD7_2", 494.995, -647.01, "T", "DIP", "$1N1301", "", "C", 78.74, 78.74, 51.182, 51.182, 225],
		[94, "PAD7_2", 494.995, -647.01, "B", "DIP", "$1N1301", "", "C", 78.74, 78.74, 51.182, 51.182, 225],
		[95, "PAD8_3", 627.235, -592.24, "T", "DIP", "$1N1257", "", "C", 78.74, 78.74, 51.182, 51.182, 225],
		[96, "PAD8_3", 627.235, -592.24, "B", "DIP", "$1N1257", "", "C", 78.74, 78.74, 51.182, 51.182, 225],
		[97, "PAD9_5", 1002.52, -620, "T", "DIP", "$1N1342", "", "C", 59.055, 59.055, 35.434, 35.434, 270],
		[98, "PAD9_5", 1002.52, -620, "B", "DIP", "$1N1342", "", "C", 59.055, 59.055, 35.434, 35.434, 270],
		[99, "PAD10_7", 1002.52, -820, "T", "DIP", "$1N1236", "", "C", 59.055, 59.055, 35.434, 35.434, 270],
		[100, "PAD10_7", 1002.52, -820, "B", "DIP", "$1N1236", "", "C", 59.055, 59.055, 35.434, 35.434, 270],
		[101, "PAD11_8", 1002.52, -920, "T", "DIP", "$1N1257", "", "C", 59.055, 59.055, 35.434, 35.434, 270],
		[102, "PAD11_8", 1002.52, -920, "B", "DIP", "$1N1257", "", "C", 59.055, 59.055, 35.434, 35.434, 270],
		[103, "PAD12_11", 1002.52, -1220, "T", "DIP", "$1N1294", "", "C", 59.055, 59.055, 35.434, 35.434, 270],
		[104, "PAD12_11", 1002.52, -1220, "B", "DIP", "$1N1294", "", "C", 59.055, 59.055, 35.434, 35.434, 270],
		[105, "PAD13_12", 1002.52, -1320, "T", "DIP", "$1N1294", "", "C", 59.055, 59.055, 35.434, 35.434, 270],
		[106, "PAD13_12", 1002.52, -1320, "B", "DIP", "$1N1294", "", "C", 59.055, 59.055, 35.434, 35.434, 270],
		[107, "PAD14_13", 1002.52, -1420, "T", "DIP", "$1N1294", "", "C", 59.055, 59.055, 35.434, 35.434, 270],
		[108, "PAD14_13", 1002.52, -1420, "B", "DIP", "$1N1294", "", "C", 59.055, 59.055, 35.434, 35.434, 270],
		[109, "PAD15_14", 1002.52, -1520, "T", "DIP", "$1N1294", "", "C", 59.055, 59.055, 35.434, 35.434, 270],
		[110, "PAD15_14", 1002.52, -1520, "B", "DIP", "$1N1294", "", "C", 59.055, 59.055, 35.434, 35.434, 270],
		[111, "PAD16_23", 1317.48, -720, "T", "DIP", "$1N1301", "", "C", 59.055, 59.055, 35.434, 35.434, 270],
		[112, "PAD16_23", 1317.48, -720, "B", "DIP", "$1N1301", "", "C", 59.055, 59.055, 35.434, 35.434, 270],
		[113, "PAD17_22", 1317.48, -820, "T", "DIP", "$1N1331", "", "C", 59.055, 59.055, 35.434, 35.434, 270],
		[114, "PAD17_22", 1317.48, -820, "B", "DIP", "$1N1331", "", "C", 59.055, 59.055, 35.434, 35.434, 270],
		[115, "PAD18_19", 1317.48, -1120, "T", "DIP", "$1N1294", "", "C", 59.055, 59.055, 35.434, 35.434, 270],
		[116, "PAD18_19", 1317.48, -1120, "B", "DIP", "$1N1294", "", "C", 59.055, 59.055, 35.434, 35.434, 270],
		[117, "PAD19_18", 1317.48, -1220, "T", "DIP", "$1N1294", "", "C", 59.055, 59.055, 35.434, 35.434, 270],
		[118, "PAD19_18", 1317.48, -1220, "B", "DIP", "$1N1294", "", "C", 59.055, 59.055, 35.434, 35.434, 270],
		[119, "PAD20_17", 1317.48, -1320, "T", "DIP", "$1N1294", "", "C", 59.055, 59.055, 35.434, 35.434, 270],
		[120, "PAD20_17", 1317.48, -1320, "B", "DIP", "$1N1294", "", "C", 59.055, 59.055, 35.434, 35.434, 270],
		[121, "PAD21_16", 1317.48, -1420, "T", "DIP", "$1N1294", "", "C", 59.055, 59.055, 35.434, 35.434, 270],
		[122, "PAD21_16", 1317.48, -1420, "B", "DIP", "$1N1294", "", "C", 59.055, 59.055, 35.434, 35.434, 270],
		[123, "PAD22_15", 1317.48, -1520, "T", "DIP", "$1N1294", "", "C", 59.055, 59.055, 35.434, 35.434, 270],
		[124, "PAD22_15", 1317.48, -1520, "B", "DIP", "$1N1294", "", "C", 59.055, 59.055, 35.434, 35.434, 270],
		[125, "PAD23_2", 1702.96, -1190, "T", "SMD", "$1N1342", "", "R", 22.27, 21.26, 0, 0, 180],
		[126, "PAD24_1", 1737.04, -1190, "T", "SMD", "$1N1331", "", "R", 22.27, 21.26, 0, 0, 180]
	]
}
}